Dish Name,Link,Time
Rajasthani Lehsun Ka Halwa (Garlic Halwa),https://food.ndtv.com/recipe-rajasthani-lehsun-ka-halwa-garlic-halwa-958684,
Zero-Oil Ghugni,https://food.ndtv.com/recipe-zero-oil-ghugni-958667,
Malai Gulab Ki Kheer,https://food.ndtv.com/recipe-malai-gulab-ki-kheer-958655,
Gucchi Pecan Nut Pulao,https://food.ndtv.com/recipe-gucchi-pecan-nut-pulao-958640,
Tadka Pecan Raita,https://food.ndtv.com/recipe-tadka-pecan-raita-958639,
Pecan Ladoo,https://food.ndtv.com/recipe-pecan-ladoo-958638,
Chickoo Pecan Kulfi,https://food.ndtv.com/recipe-chickoo-pecan-kulfi-958624,
Healthy Fresh Fruits Ladoo,https://food.ndtv.com/recipe-healthy-fresh-fruits-ladoo-958620,
Almond And Amaranth Ladoos,https://food.ndtv.com/recipe-almond-and-amaranth-ladoos-958611,
Almond And Makhana Kheer,https://food.ndtv.com/recipe-almond-and-makhana-kheer-958607,
One Pot Chhole Chawal,https://food.ndtv.com/recipe-one-pot-chhole-chawal-958605,
Millet Kheer,https://food.ndtv.com/recipe-millet-kheer-958604,
Khaman Dhokla,https://food.ndtv.com/recipe-khaman-dhokla-958603,
Ennai Kathrikai Kulambu,https://food.ndtv.com/recipe-ennai-kathrikai-kulambu-958601,
Beetroot Kofta Curry,https://food.ndtv.com/recipe-beetroot-kofta-curry-958599,
Konkani Fried Chicken,https://food.ndtv.com/recipe-konkani-fried-chicken-958592,
Mango Kiwi Chutney,https://food.ndtv.com/recipe-mango-kiwi-chutney-958590,
Nalli Gosht Biryani,https://food.ndtv.com/recipe-nalli-gosht-biryani-958575,
Hyderabadi Pasinday,https://food.ndtv.com/recipe-hyderabadi-pasinday-958510,
Rajgira Chikki,https://food.ndtv.com/recipe-rajgira-chikki-958478,
Lasooni Dahi Tadka,https://food.ndtv.com/recipe-lasooni-dahi-tadka-958474,
Beetroot Idli Fry,https://food.ndtv.com/recipe-beetroot-idli-fry-958470,
Himachali Chicken Curry,https://food.ndtv.com/recipe-himachali-chicken-curry-958469,
Coconut Rabri,https://food.ndtv.com/recipe-coconut-rabri-958465,
Gongura Chicken Curry,https://food.ndtv.com/recipe-gongura-chicken-curry-958462,
Shaljam Gosht,https://food.ndtv.com/recipe-shaljam-gosht-958461,
Tomato Pachadi,https://food.ndtv.com/recipe-tomato-pachadi-958459,
Vendakkai Thenga Curry,https://food.ndtv.com/recipe-vendakkai-thenga-curry-958454,
Chickpeas Tikka Masala,https://food.ndtv.com/recipe-chickpeas-tikka-masala-958453,
Stuffed Palak Idli,https://food.ndtv.com/recipe-stuffed-palak-idli-958440,
Haryanvi Kadhi,https://food.ndtv.com/recipe-haryanvi-kadhi-958438,
Amritsari Sookhi Dal,https://food.ndtv.com/recipe-amritsari-sookhi-dal-958430,
Low Calorie Teen Ratna Dal,https://food.ndtv.com/recipe-low-calorie-teen-ratna-dal-958420,
Beetroot Halwa,https://food.ndtv.com/recipe-beetroot-halwa-958414,
Multigrain Laddu,https://food.ndtv.com/recipe-multigrain-laddu-958412,
Kalakand,https://food.ndtv.com/recipe-kalakand-958410,
Kerala-Style Mutton Curry,https://food.ndtv.com/recipe-kerala-style-mutton-curry-958405,
Bhapa Doi,https://food.ndtv.com/recipe-bhapa-doi-958400,
Achaari Lachha Paratha,https://food.ndtv.com/recipe-achaari-lachha-paratha-958386,
Ragi Paratha,https://food.ndtv.com/recipe-ragi-paratha-958381,
Punjabi Baigan Bharta,https://food.ndtv.com/recipe-punjabi-baigan-bharta-958371,
Baingan Sambhar,https://food.ndtv.com/recipe-baingan-sambhar-958369,
Jaggery Malpua,https://food.ndtv.com/recipe-jaggery-malpua-958362,
Sattu Kachori,https://food.ndtv.com/recipe-sattu-kachori-958361,
Keerai Vadai (Spinach Vada),https://food.ndtv.com/recipe-keerai-vadai-spinach-vada-958353,
Kumaoni Jholi,https://food.ndtv.com/recipe-kumaoni-jholi-958347,
Chilli Cheese Garlic Paratha,https://food.ndtv.com/recipe-chilli-cheese-garlic-paratha-958345,
Chilka Roti,https://food.ndtv.com/recipe-chilka-roti-958339,
Girmit,https://food.ndtv.com/recipe-girmit-958338,
Gur Choorma Ladoo,https://food.ndtv.com/recipe-gur-choorma-ladoo-958337,
Obbattu,https://food.ndtv.com/recipe-obbattu-958335,
फूल मखाना खीर,https://food.ndtv.com/recipe-phool-makhane-ki-kheer-957932,
महाराष्ट्रीयन पोहा पट्टी समोसा,https://food.ndtv.com/recipe-maharashtrian-poha-patti-samosa-hindi-957843,
,https://food.ndtv.com/recipe-pashmak-957823,
आलू दम बिरयानी,https://food.ndtv.com/recipe-dum-aloo-biryani-hindi-957804,
कोवा लड्डू (आंध्रा स्टाइल कोकोनट लड्डू),https://food.ndtv.com/recipe-kova-ladoo-andhra-style-coconut-ladoo-hindi-957802,
हल्दी दूध,https://food.ndtv.com/recipe-haldi-doodh-hindi-957773,
चिली चीज नान,https://food.ndtv.com/recipe-chilli-cheese-naan-hindi-957772,
पंजाबी स्टाइल चना साग,https://food.ndtv.com/recipe-punjabi-style-chana-saag-hindi-957770,
ग्रीन मूंग दाल वड़ा,https://food.ndtv.com/recipe-green-moong-dal-vada-hindi-957754,
बीटरूट खीर,https://food.ndtv.com/recipe-beetroot-kheer-hindi-957736,
मक्की मूली पराठा,https://food.ndtv.com/recipe-makki-mooli-paratha-hindi-957715,
गाजर दूध,https://food.ndtv.com/recipe-gajar-ka-doodh-hindi-957713,
गोभी उत्तपम,https://food.ndtv.com/recipe-gobhi-uttapam-hindi-957709,
गाजर का पराठा,https://food.ndtv.com/recipe-gajar-paratha-hindi-957688,
मिस्सी रोटी,https://food.ndtv.com/recipe-missi-roti-hindi-957687,
मसाला उत्तपम,https://food.ndtv.com/recipe-masala-uttapam-hindi-957682,
गाजर पायस्यम,https://food.ndtv.com/recipe-carrot-payasam-hindi-957643,
इंस्टेंट सेट डोसा,https://food.ndtv.com/recipe-instant-set-dosa-hindi-957639,
मेथी पनीर पराठा,https://food.ndtv.com/recipe-methi-paneer-paratha-hindi-957635,
मैंगो कोकोनट चटनी,https://food.ndtv.com/recipe-mango-coconut-chutney-hindi-957631,
नारियल-अदरक की चटनी,https://food.ndtv.com/recipe-coconut-ginger-chutney-hindi-957630,
