Dish Name,Link
Rajasthani Lehsun Ka Halwa (Garlic Halwa),https://food.ndtv.com/recipe-rajasthani-lehsun-ka-halwa-garlic-halwa-958684
Rajasthani Lehsun Ka Halwa (Garlic Halwa),https://food.ndtv.com/recipe-rajasthani-lehsun-ka-halwa-garlic-halwa-958684
Rajasthani Lehsun Ka Halwa (Garlic Halwa),https://food.ndtv.com/recipe-rajasthani-lehsun-ka-halwa-garlic-halwa-958684
Rajasthani Lehsun Ka Halwa (Garlic Halwa),https://food.ndtv.com/recipe-rajasthani-lehsun-ka-halwa-garlic-halwa-958684
Rajasthani Lehsun Ka Halwa (Garlic Halwa),https://food.ndtv.com/recipe-rajasthani-lehsun-ka-halwa-garlic-halwa-958684
Rajasthani Lehsun Ka Halwa (Garlic Halwa),https://food.ndtv.com/recipe-rajasthani-lehsun-ka-halwa-garlic-halwa-958684
Rajasthani Lehsun Ka Halwa (Garlic Halwa),https://food.ndtv.com/recipe-rajasthani-lehsun-ka-halwa-garlic-halwa-958684
Rajasthani Lehsun Ka Halwa (Garlic Halwa),https://food.ndtv.com/recipe-rajasthani-lehsun-ka-halwa-garlic-halwa-958684
Rajasthani Lehsun Ka Halwa (Garlic Halwa),https://food.ndtv.com/recipe-rajasthani-lehsun-ka-halwa-garlic-halwa-958684
Rajasthani Lehsun Ka Halwa (Garlic Halwa),https://food.ndtv.com/recipe-rajasthani-lehsun-ka-halwa-garlic-halwa-958684
Rajasthani Lehsun Ka Halwa (Garlic Halwa),https://food.ndtv.com/recipe-rajasthani-lehsun-ka-halwa-garlic-halwa-958684
Rajasthani Lehsun Ka Halwa (Garlic Halwa),https://food.ndtv.com/recipe-rajasthani-lehsun-ka-halwa-garlic-halwa-958684
Rajasthani Lehsun Ka Halwa (Garlic Halwa),https://food.ndtv.com/recipe-rajasthani-lehsun-ka-halwa-garlic-halwa-958684
Rajasthani Lehsun Ka Halwa (Garlic Halwa),https://food.ndtv.com/recipe-rajasthani-lehsun-ka-halwa-garlic-halwa-958684
Rajasthani Lehsun Ka Halwa (Garlic Halwa),https://food.ndtv.com/recipe-rajasthani-lehsun-ka-halwa-garlic-halwa-958684
Rajasthani Lehsun Ka Halwa (Garlic Halwa),https://food.ndtv.com/recipe-rajasthani-lehsun-ka-halwa-garlic-halwa-958684
Rajasthani Lehsun Ka Halwa (Garlic Halwa),https://food.ndtv.com/recipe-rajasthani-lehsun-ka-halwa-garlic-halwa-958684
Rajasthani Lehsun Ka Halwa (Garlic Halwa),https://food.ndtv.com/recipe-rajasthani-lehsun-ka-halwa-garlic-halwa-958684
Rajasthani Lehsun Ka Halwa (Garlic Halwa),https://food.ndtv.com/recipe-rajasthani-lehsun-ka-halwa-garlic-halwa-958684
Rajasthani Lehsun Ka Halwa (Garlic Halwa),https://food.ndtv.com/recipe-rajasthani-lehsun-ka-halwa-garlic-halwa-958684
Rajasthani Lehsun Ka Halwa (Garlic Halwa),https://food.ndtv.com/recipe-rajasthani-lehsun-ka-halwa-garlic-halwa-958684
Rajasthani Lehsun Ka Halwa (Garlic Halwa),https://food.ndtv.com/recipe-rajasthani-lehsun-ka-halwa-garlic-halwa-958684
Rajasthani Lehsun Ka Halwa (Garlic Halwa),https://food.ndtv.com/recipe-rajasthani-lehsun-ka-halwa-garlic-halwa-958684
Rajasthani Lehsun Ka Halwa (Garlic Halwa),https://food.ndtv.com/recipe-rajasthani-lehsun-ka-halwa-garlic-halwa-958684
Rajasthani Lehsun Ka Halwa (Garlic Halwa),https://food.ndtv.com/recipe-rajasthani-lehsun-ka-halwa-garlic-halwa-958684
Rajasthani Lehsun Ka Halwa (Garlic Halwa),https://food.ndtv.com/recipe-rajasthani-lehsun-ka-halwa-garlic-halwa-958684
Rajasthani Lehsun Ka Halwa (Garlic Halwa),https://food.ndtv.com/recipe-rajasthani-lehsun-ka-halwa-garlic-halwa-958684
Rajasthani Lehsun Ka Halwa (Garlic Halwa),https://food.ndtv.com/recipe-rajasthani-lehsun-ka-halwa-garlic-halwa-958684
Rajasthani Lehsun Ka Halwa (Garlic Halwa),https://food.ndtv.com/recipe-rajasthani-lehsun-ka-halwa-garlic-halwa-958684
Rajasthani Lehsun Ka Halwa (Garlic Halwa),https://food.ndtv.com/recipe-rajasthani-lehsun-ka-halwa-garlic-halwa-958684
Rajasthani Lehsun Ka Halwa (Garlic Halwa),https://food.ndtv.com/recipe-rajasthani-lehsun-ka-halwa-garlic-halwa-958684
Rajasthani Lehsun Ka Halwa (Garlic Halwa),https://food.ndtv.com/recipe-rajasthani-lehsun-ka-halwa-garlic-halwa-958684
Rajasthani Lehsun Ka Halwa (Garlic Halwa),https://food.ndtv.com/recipe-rajasthani-lehsun-ka-halwa-garlic-halwa-958684
Rajasthani Lehsun Ka Halwa (Garlic Halwa),https://food.ndtv.com/recipe-rajasthani-lehsun-ka-halwa-garlic-halwa-958684
Rajasthani Lehsun Ka Halwa (Garlic Halwa),https://food.ndtv.com/recipe-rajasthani-lehsun-ka-halwa-garlic-halwa-958684
Rajasthani Lehsun Ka Halwa (Garlic Halwa),https://food.ndtv.com/recipe-rajasthani-lehsun-ka-halwa-garlic-halwa-958684
Rajasthani Lehsun Ka Halwa (Garlic Halwa),https://food.ndtv.com/recipe-rajasthani-lehsun-ka-halwa-garlic-halwa-958684
Rajasthani Lehsun Ka Halwa (Garlic Halwa),https://food.ndtv.com/recipe-rajasthani-lehsun-ka-halwa-garlic-halwa-958684
Rajasthani Lehsun Ka Halwa (Garlic Halwa),https://food.ndtv.com/recipe-rajasthani-lehsun-ka-halwa-garlic-halwa-958684
Rajasthani Lehsun Ka Halwa (Garlic Halwa),https://food.ndtv.com/recipe-rajasthani-lehsun-ka-halwa-garlic-halwa-958684
Rajasthani Lehsun Ka Halwa (Garlic Halwa),https://food.ndtv.com/recipe-rajasthani-lehsun-ka-halwa-garlic-halwa-958684
Rajasthani Lehsun Ka Halwa (Garlic Halwa),https://food.ndtv.com/recipe-rajasthani-lehsun-ka-halwa-garlic-halwa-958684
Rajasthani Lehsun Ka Halwa (Garlic Halwa),https://food.ndtv.com/recipe-rajasthani-lehsun-ka-halwa-garlic-halwa-958684
Rajasthani Lehsun Ka Halwa (Garlic Halwa),https://food.ndtv.com/recipe-rajasthani-lehsun-ka-halwa-garlic-halwa-958684
Rajasthani Lehsun Ka Halwa (Garlic Halwa),https://food.ndtv.com/recipe-rajasthani-lehsun-ka-halwa-garlic-halwa-958684
Rajasthani Lehsun Ka Halwa (Garlic Halwa),https://food.ndtv.com/recipe-rajasthani-lehsun-ka-halwa-garlic-halwa-958684
Rajasthani Lehsun Ka Halwa (Garlic Halwa),https://food.ndtv.com/recipe-rajasthani-lehsun-ka-halwa-garlic-halwa-958684
Rajasthani Lehsun Ka Halwa (Garlic Halwa),https://food.ndtv.com/recipe-rajasthani-lehsun-ka-halwa-garlic-halwa-958684
Rajasthani Lehsun Ka Halwa (Garlic Halwa),https://food.ndtv.com/recipe-rajasthani-lehsun-ka-halwa-garlic-halwa-958684
Rajasthani Lehsun Ka Halwa (Garlic Halwa),https://food.ndtv.com/recipe-rajasthani-lehsun-ka-halwa-garlic-halwa-958684
Rajasthani Lehsun Ka Halwa (Garlic Halwa),https://food.ndtv.com/recipe-rajasthani-lehsun-ka-halwa-garlic-halwa-958684
Rajasthani Lehsun Ka Halwa (Garlic Halwa),https://food.ndtv.com/recipe-rajasthani-lehsun-ka-halwa-garlic-halwa-958684
Rajasthani Lehsun Ka Halwa (Garlic Halwa),https://food.ndtv.com/recipe-rajasthani-lehsun-ka-halwa-garlic-halwa-958684
Rajasthani Lehsun Ka Halwa (Garlic Halwa),https://food.ndtv.com/recipe-rajasthani-lehsun-ka-halwa-garlic-halwa-958684
Rajasthani Lehsun Ka Halwa (Garlic Halwa),https://food.ndtv.com/recipe-rajasthani-lehsun-ka-halwa-garlic-halwa-958684
Rajasthani Lehsun Ka Halwa (Garlic Halwa),https://food.ndtv.com/recipe-rajasthani-lehsun-ka-halwa-garlic-halwa-958684
Rajasthani Lehsun Ka Halwa (Garlic Halwa),https://food.ndtv.com/recipe-rajasthani-lehsun-ka-halwa-garlic-halwa-958684
Rajasthani Lehsun Ka Halwa (Garlic Halwa),https://food.ndtv.com/recipe-rajasthani-lehsun-ka-halwa-garlic-halwa-958684
Rajasthani Lehsun Ka Halwa (Garlic Halwa),https://food.ndtv.com/recipe-rajasthani-lehsun-ka-halwa-garlic-halwa-958684
Rajasthani Lehsun Ka Halwa (Garlic Halwa),https://food.ndtv.com/recipe-rajasthani-lehsun-ka-halwa-garlic-halwa-958684
Rajasthani Lehsun Ka Halwa (Garlic Halwa),https://food.ndtv.com/recipe-rajasthani-lehsun-ka-halwa-garlic-halwa-958684
Rajasthani Lehsun Ka Halwa (Garlic Halwa),https://food.ndtv.com/recipe-rajasthani-lehsun-ka-halwa-garlic-halwa-958684
Rajasthani Lehsun Ka Halwa (Garlic Halwa),https://food.ndtv.com/recipe-rajasthani-lehsun-ka-halwa-garlic-halwa-958684
Rajasthani Lehsun Ka Halwa (Garlic Halwa),https://food.ndtv.com/recipe-rajasthani-lehsun-ka-halwa-garlic-halwa-958684
Rajasthani Lehsun Ka Halwa (Garlic Halwa),https://food.ndtv.com/recipe-rajasthani-lehsun-ka-halwa-garlic-halwa-958684
Rajasthani Lehsun Ka Halwa (Garlic Halwa),https://food.ndtv.com/recipe-rajasthani-lehsun-ka-halwa-garlic-halwa-958684
Rajasthani Lehsun Ka Halwa (Garlic Halwa),https://food.ndtv.com/recipe-rajasthani-lehsun-ka-halwa-garlic-halwa-958684
Rajasthani Lehsun Ka Halwa (Garlic Halwa),https://food.ndtv.com/recipe-rajasthani-lehsun-ka-halwa-garlic-halwa-958684
Rajasthani Lehsun Ka Halwa (Garlic Halwa),https://food.ndtv.com/recipe-rajasthani-lehsun-ka-halwa-garlic-halwa-958684
Rajasthani Lehsun Ka Halwa (Garlic Halwa),https://food.ndtv.com/recipe-rajasthani-lehsun-ka-halwa-garlic-halwa-958684
Rajasthani Lehsun Ka Halwa (Garlic Halwa),https://food.ndtv.com/recipe-rajasthani-lehsun-ka-halwa-garlic-halwa-958684
Rajasthani Lehsun Ka Halwa (Garlic Halwa),https://food.ndtv.com/recipe-rajasthani-lehsun-ka-halwa-garlic-halwa-958684
